,Dataset,Classifier,Sn,Sp,ACC,MCC,ROC AUC,fpr,tpr
0,test.txt,CNN,0.8791612057667104,0.9166639504563234,0.8979744965698014,0.7985891301391155,0.9438173216560495,"[array([0.        , 0.        , 0.        , 0.00130208, 0.00130208,
       0.00260417, 0.00260417, 0.00390625, 0.00390625, 0.00520833,
       0.00520833, 0.00651042, 0.00651042, 0.0078125 , 0.0078125 ,
       0.00911458, 0.00911458, 0.01041667, 0.01041667, 0.01171875,
       0.01171875, 0.01302083, 0.01302083, 0.01432292, 0.01432292,
       0.015625  , 0.015625  , 0.01692708, 0.01692708, 0.01822917,
       0.01822917, 0.01953125, 0.01953125, 0.02083333, 0.02083333,
       0.02213542, 0.02213542, 0.0234375 , 0.0234375 , 0.02473958,
       0.02473958, 0.02604167, 0.02604167, 0.02734375, 0.02734375,
       0.02864583, 0.02864583, 0.02994792, 0.02994792, 0.03125   ,
       0.03125   , 0.03255208, 0.03255208, 0.03385417, 0.03385417,
       0.03515625, 0.03515625, 0.03645833, 0.03645833, 0.03776042,
       0.03776042, 0.0390625 , 0.0390625 , 0.04036458, 0.04036458,
       0.04166667, 0.04166667, 0.04427083, 0.04427083, 0.046875  ,
       0.046875  , 0.04817708, 0.04817708, 0.05078125, 0.05078125,
       0.0546875 , 0.0546875 , 0.05598958, 0.05598958, 0.05729167,
       0.05729167, 0.06119792, 0.06119792, 0.0625    , 0.0625    ,
       0.06640625, 0.06640625, 0.06901042, 0.06901042, 0.0703125 ,
       0.0703125 , 0.07161458, 0.07161458, 0.07291667, 0.07291667,
       0.07421875, 0.07421875, 0.07552083, 0.07552083, 0.07682292,
       0.07682292, 0.078125  , 0.078125  , 0.07942708, 0.07942708,
       0.08072917, 0.08072917, 0.08333333, 0.08333333, 0.08463542,
       0.08463542, 0.0859375 , 0.0859375 , 0.08723958, 0.08723958,
       0.08984375, 0.08984375, 0.09114583, 0.09114583, 0.09244792,
       0.09244792, 0.09375   , 0.09375   , 0.09505208, 0.09505208,
       0.09635417, 0.09635417, 0.09895833, 0.09895833, 0.10026042,
       0.10026042, 0.1015625 , 0.1015625 , 0.10416667, 0.10416667,
       0.10546875, 0.10546875, 0.10677083, 0.10677083, 0.10807292,
       0.10807292, 0.11197917, 0.11197917, 0.11458333, 0.11458333,
       0.1171875 , 0.1171875 , 0.11979167, 0.11979167, 0.12239583,
       0.12239583, 0.12369792, 0.12369792, 0.12630208, 0.12630208,
       0.12760417, 0.12760417, 0.12890625, 0.12890625, 0.13020833,
       0.13020833, 0.1328125 , 0.1328125 , 0.13411458, 0.13411458,
       0.13671875, 0.13671875, 0.13932292, 0.13932292, 0.140625  ,
       0.140625  , 0.14192708, 0.14192708, 0.14322917, 0.14322917,
       0.14453125, 0.14453125, 0.1484375 , 0.1484375 , 0.14973958,
       0.14973958, 0.15104167, 0.15104167, 0.15364583, 0.15364583,
       0.15755208, 0.15755208, 0.15885417, 0.15885417, 0.16015625,
       0.16015625, 0.16145833, 0.16145833, 0.16276042, 0.16276042,
       0.16536458, 0.16536458, 0.16796875, 0.16796875, 0.16927083,
       0.16927083, 0.17057292, 0.17057292, 0.171875  , 0.171875  ,
       0.17317708, 0.17317708, 0.17708333, 0.17708333, 0.1796875 ,
       0.1796875 , 0.18359375, 0.18359375, 0.18489583, 0.18489583,
       0.18619792, 0.18619792, 0.1875    , 0.1875    , 0.18880208,
       0.18880208, 0.19140625, 0.19140625, 0.19270833, 0.19270833,
       0.19401042, 0.19401042, 0.1953125 , 0.1953125 , 0.19661458,
       0.19661458, 0.19791667, 0.19791667, 0.19921875, 0.19921875,
       0.203125  , 0.203125  , 0.20442708, 0.20442708, 0.20572917,
       0.20572917, 0.20833333, 0.20833333, 0.21223958, 0.21223958,
       0.21484375, 0.21484375, 0.21614583, 0.21614583, 0.21744792,
       0.21744792, 0.21875   , 0.21875   , 0.22005208, 0.22005208,
       0.22135417, 0.22135417, 0.22265625, 0.22265625, 0.22526042,
       0.22526042, 0.23177083, 0.23177083, 0.23567708, 0.23567708,
       0.23697917, 0.23697917, 0.23828125, 0.23828125, 0.2421875 ,
       0.2421875 , 0.24869792, 0.24869792, 0.25      , 0.25      ,
       0.25260417, 0.25260417, 0.25651042, 0.25651042, 0.2578125 ,
       0.2578125 , 0.25911458, 0.25911458, 0.26041667, 0.26041667,
       0.26171875, 0.26171875, 0.265625  , 0.265625  , 0.27083333,
       0.27083333, 0.2734375 , 0.2734375 , 0.27473958, 0.27473958,
       0.27734375, 0.27734375, 0.27864583, 0.27864583, 0.27994792,
       0.27994792, 0.28385417, 0.28385417, 0.28515625, 0.28515625,
       0.28645833, 0.28645833, 0.28776042, 0.28776042, 0.2890625 ,
       0.2890625 , 0.29036458, 0.29036458, 0.29166667, 0.29166667,
       0.29296875, 0.29296875, 0.29427083, 0.29427083, 0.29817708,
       0.29817708, 0.3046875 , 0.3046875 , 0.30598958, 0.30598958,
       0.30729167, 0.30729167, 0.30859375, 0.30859375, 0.3125    ,
       0.3125    , 0.31510417, 0.31510417, 0.31640625, 0.31640625,
       0.32291667, 0.32291667, 0.32421875, 0.32421875, 0.32552083,
       0.32552083, 0.32682292, 0.32682292, 0.32942708, 0.32942708,
       0.33203125, 0.33203125, 0.33854167, 0.33854167, 0.34375   ,
       0.34375   , 0.34635417, 0.34635417, 0.34765625, 0.34765625,
       0.35286458, 0.35286458, 0.35546875, 0.35546875, 0.35677083,
       0.35677083, 0.35807292, 0.35807292, 0.36067708, 0.36067708,
       0.36848958, 0.36848958, 0.37109375, 0.37109375, 0.37369792,
       0.37369792, 0.37630208, 0.37630208, 0.37760417, 0.37760417,
       0.37890625, 0.37890625, 0.38020833, 0.38020833, 0.38151042,
       0.38151042, 0.3828125 , 0.3828125 , 0.38411458, 0.38411458,
       0.38932292, 0.38932292, 0.39192708, 0.39192708, 0.39583333,
       0.39583333, 0.39973958, 0.39973958, 0.40104167, 0.40104167,
       0.40364583, 0.40364583, 0.40625   , 0.40625   , 0.40885417,
       0.40885417, 0.41015625, 0.41015625, 0.41536458, 0.41536458,
       0.42057292, 0.42057292, 0.4296875 , 0.4296875 , 0.4375    ,
       0.4375    , 0.4453125 , 0.4453125 , 0.45182292, 0.45182292,
       0.453125  , 0.453125  , 0.45572917, 0.45572917, 0.45833333,
       0.45833333, 0.46223958, 0.46223958, 0.46614583, 0.46614583,
       0.46744792, 0.46744792, 0.46875   , 0.46875   , 0.47265625,
       0.47265625, 0.47395833, 0.47395833, 0.47526042, 0.47526042,
       0.4765625 , 0.4765625 , 0.47786458, 0.47786458, 0.48177083,
       0.48177083, 0.48828125, 0.48828125, 0.49088542, 0.49088542,
       0.49348958, 0.49348958, 0.49739583, 0.49739583, 0.5       ,
       0.5       , 0.50260417, 0.50260417, 0.50390625, 0.50390625,
       0.51171875, 0.51171875, 0.5234375 , 0.5234375 , 0.52734375,
       0.52734375, 0.53255208, 0.53255208, 0.53776042, 0.53776042,
       0.54036458, 0.54036458, 0.54427083, 0.54427083, 0.546875  ,
       0.546875  , 0.58463542, 0.58463542, 0.59114583, 0.59114583,
       0.59244792, 0.59244792, 0.59765625, 0.59765625, 0.60286458,
       0.60286458, 0.60807292, 0.60807292, 0.61067708, 0.61067708,
       0.61197917, 0.61197917, 0.62109375, 0.62109375, 0.62369792,
       0.62369792, 0.625     , 0.625     , 0.62630208, 0.62630208,
       0.62890625, 0.62890625, 0.63151042, 0.63151042, 0.64583333,
       0.64583333, 0.65234375, 0.65234375, 0.65885417, 0.65885417,
       0.66536458, 0.66536458, 0.66666667, 0.66666667, 0.69010417,
       0.69010417, 0.69921875, 0.69921875, 0.71875   , 0.71875   ,
       0.72395833, 0.72395833, 0.73567708, 0.73567708, 0.80989583,
       0.80989583, 0.81770833, 0.81770833, 0.81901042, 0.81901042,
       0.8203125 , 0.8203125 , 0.82682292, 0.82682292, 0.88802083,
       0.88802083, 0.90885417, 0.90885417, 1.        ]), array([0.        , 0.        , 0.        , 0.        , 0.        ,
       0.        , 0.        , 0.        , 0.        , 0.        ,
       0.        , 0.        , 0.        , 0.        , 0.        ,
       0.00130208, 0.00130208, 0.00130208, 0.00130208, 0.00130208,
       0.00130208, 0.00130208, 0.00130208, 0.00130208, 0.00130208,
       0.00130208, 0.00130208, 0.00130208, 0.00130208, 0.00130208,
       0.00260417, 0.00260417, 0.00260417, 0.00260417, 0.00260417,
       0.00260417, 0.00390625, 0.00390625, 0.00390625, 0.00390625,
       0.00520833, 0.00520833, 0.00651042, 0.00651042, 0.0078125 ,
       0.0078125 , 0.01041667, 0.01041667, 0.01171875, 0.01171875,
       0.01302083, 0.01302083, 0.01432292, 0.01432292, 0.015625  ,
       0.015625  , 0.01692708, 0.01692708, 0.01822917, 0.01822917,
       0.01953125, 0.01953125, 0.02083333, 0.02083333, 0.02213542,
       0.02213542, 0.0234375 , 0.0234375 , 0.02473958, 0.02473958,
       0.02473958, 0.02473958, 0.02604167, 0.02604167, 0.02734375,
       0.02734375, 0.02864583, 0.02864583, 0.02994792, 0.02994792,
       0.03125   , 0.03125   , 0.03255208, 0.03255208, 0.03515625,
       0.03515625, 0.03776042, 0.03776042, 0.04166667, 0.04166667,
       0.04296875, 0.04296875, 0.04557292, 0.04557292, 0.04817708,
       0.04817708, 0.04947917, 0.04947917, 0.05078125, 0.05078125,
       0.05208333, 0.05208333, 0.05338542, 0.05338542, 0.0546875 ,
       0.0546875 , 0.05598958, 0.05598958, 0.05729167, 0.05729167,
       0.05859375, 0.05859375, 0.05989583, 0.05989583, 0.06119792,
       0.06119792, 0.0625    , 0.0625    , 0.06380208, 0.06380208,
       0.06510417, 0.06510417, 0.06770833, 0.06770833, 0.0703125 ,
       0.0703125 , 0.07161458, 0.07161458, 0.07421875, 0.07421875,
       0.07552083, 0.07552083, 0.07682292, 0.07682292, 0.078125  ,
       0.078125  , 0.07942708, 0.07942708, 0.08072917, 0.08072917,
       0.08203125, 0.08203125, 0.08333333, 0.08333333, 0.08463542,
       0.08463542, 0.0859375 , 0.0859375 , 0.08723958, 0.08723958,
       0.08854167, 0.08854167, 0.08984375, 0.08984375, 0.09114583,
       0.09114583, 0.09244792, 0.09244792, 0.09375   , 0.09375   ,
       0.09505208, 0.09505208, 0.09765625, 0.09765625, 0.09895833,
       0.09895833, 0.10026042, 0.10026042, 0.10286458, 0.10286458,
       0.10416667, 0.10416667, 0.10677083, 0.10677083, 0.10807292,
       0.10807292, 0.109375  , 0.109375  , 0.11458333, 0.11458333,
       0.11588542, 0.11588542, 0.1171875 , 0.1171875 , 0.11848958,
       0.11848958, 0.12109375, 0.12109375, 0.12239583, 0.12239583,
       0.12369792, 0.12369792, 0.125     , 0.125     , 0.12630208,
       0.12630208, 0.12760417, 0.12760417, 0.12890625, 0.12890625,
       0.13020833, 0.13020833, 0.1328125 , 0.1328125 , 0.13411458,
       0.13411458, 0.13541667, 0.13541667, 0.13671875, 0.13671875,
       0.13802083, 0.13802083, 0.13932292, 0.13932292, 0.14192708,
       0.14192708, 0.14453125, 0.14453125, 0.14583333, 0.14583333,
       0.14713542, 0.14713542, 0.1484375 , 0.1484375 , 0.15364583,
       0.15364583, 0.15625   , 0.15625   , 0.15755208, 0.15755208,
       0.15885417, 0.15885417, 0.16015625, 0.16015625, 0.1640625 ,
       0.1640625 , 0.16536458, 0.16536458, 0.16927083, 0.16927083,
       0.171875  , 0.171875  , 0.17578125, 0.17578125, 0.17708333,
       0.17708333, 0.18880208, 0.18880208, 0.19010417, 0.19010417,
       0.19140625, 0.19140625, 0.19270833, 0.19270833, 0.19661458,
       0.19661458, 0.19921875, 0.19921875, 0.20052083, 0.20052083,
       0.20182292, 0.20182292, 0.203125  , 0.203125  , 0.20703125,
       0.20703125, 0.21223958, 0.21223958, 0.22005208, 0.22005208,
       0.22265625, 0.22265625, 0.22395833, 0.22395833, 0.2265625 ,
       0.2265625 , 0.23046875, 0.23046875, 0.23177083, 0.23177083,
       0.23307292, 0.23307292, 0.234375  , 0.234375  , 0.2421875 ,
       0.2421875 , 0.24609375, 0.24609375, 0.25390625, 0.25390625,
       0.25520833, 0.25520833, 0.26041667, 0.26041667, 0.26171875,
       0.26171875, 0.26302083, 0.26302083, 0.265625  , 0.265625  ,
       0.26692708, 0.26692708, 0.26822917, 0.26822917, 0.26953125,
       0.26953125, 0.27213542, 0.27213542, 0.2734375 , 0.2734375 ,
       0.28515625, 0.28515625, 0.29036458, 0.29036458, 0.29166667,
       0.29166667, 0.29557292, 0.29557292, 0.296875  , 0.296875  ,
       0.29817708, 0.29817708, 0.30078125, 0.30078125, 0.30859375,
       0.30859375, 0.30989583, 0.30989583, 0.31510417, 0.31510417,
       0.32161458, 0.32161458, 0.33072917, 0.33072917, 0.33203125,
       0.33203125, 0.3359375 , 0.3359375 , 0.33723958, 0.33723958,
       0.34114583, 0.34114583, 0.34505208, 0.34505208, 0.3515625 ,
       0.3515625 , 0.359375  , 0.359375  , 0.36458333, 0.36458333,
       0.36588542, 0.36588542, 0.38151042, 0.38151042, 0.40625   ,
       0.40625   , 0.41145833, 0.41145833, 0.4140625 , 0.4140625 ,
       0.42057292, 0.42057292, 0.42578125, 0.42578125, 0.44921875,
       0.44921875, 0.50651042, 0.50651042, 0.50911458, 0.50911458,
       0.51171875, 0.51171875, 0.515625  , 0.515625  , 0.53385417,
       0.53385417, 0.54817708, 0.54817708, 0.55859375, 0.55859375,
       0.57291667, 0.57291667, 0.57552083, 0.57552083, 0.58072917,
       0.58072917, 0.67447917, 0.67447917, 0.68098958, 0.68098958,
       0.69270833, 0.69270833, 1.        ]), array([0.        , 0.        , 0.        , 0.        , 0.        ,
       0.        , 0.        , 0.        , 0.        , 0.        ,
       0.        , 0.        , 0.        , 0.        , 0.        ,
       0.        , 0.        , 0.        , 0.        , 0.        ,
       0.        , 0.        , 0.        , 0.        , 0.        ,
       0.        , 0.        , 0.        , 0.        , 0.        ,
       0.        , 0.        , 0.        , 0.        , 0.        ,
       0.        , 0.        , 0.        , 0.        , 0.        ,
       0.        , 0.00130208, 0.00130208, 0.00260417, 0.00260417,
       0.00390625, 0.00390625, 0.00520833, 0.00520833, 0.00651042,
       0.00651042, 0.0078125 , 0.0078125 , 0.00911458, 0.00911458,
       0.01041667, 0.01041667, 0.01171875, 0.01171875, 0.01302083,
       0.01302083, 0.01432292, 0.01432292, 0.015625  , 0.015625  ,
       0.01692708, 0.01692708, 0.01822917, 0.01822917, 0.02213542,
       0.02213542, 0.0234375 , 0.0234375 , 0.02473958, 0.02473958,
       0.02604167, 0.02604167, 0.02994792, 0.02994792, 0.03125   ,
       0.03125   , 0.03255208, 0.03255208, 0.03385417, 0.03385417,
       0.0390625 , 0.0390625 , 0.04036458, 0.04036458, 0.04166667,
       0.04166667, 0.0546875 , 0.0546875 , 0.05598958, 0.05598958,
       0.06380208, 0.06380208, 0.06510417, 0.06510417, 0.06901042,
       0.06901042, 0.0703125 , 0.0703125 , 0.07291667, 0.07291667,
       0.07421875, 0.07421875, 0.08984375, 0.08984375, 0.09635417,
       0.09635417, 0.1015625 , 0.1015625 , 0.11848958, 0.11848958,
       0.1328125 , 0.1328125 , 0.14192708, 0.14192708, 0.1484375 ,
       0.1484375 , 0.16015625, 0.16015625, 0.20703125, 0.20703125,
       0.20963542, 0.20963542, 0.26171875, 0.26171875, 0.26302083,
       0.26302083, 1.        ]), array([0.        , 0.        , 0.        , 0.        , 0.        ,
       0.        , 0.        , 0.        , 0.        , 0.        ,
       0.        , 0.        , 0.        , 0.        , 0.        ,
       0.        , 0.        , 0.        , 0.        , 0.        ,
       0.        , 0.        , 0.        , 0.        , 0.        ,
       0.        , 0.        , 0.        , 0.        , 0.        ,
       0.        , 0.        , 0.        , 0.        , 0.        ,
       0.        , 0.        , 0.        , 0.        , 0.        ,
       0.        , 0.        , 0.        , 0.        , 0.        ,
       0.        , 0.        , 0.        , 0.        , 0.        ,
       0.        , 0.        , 0.        , 0.        , 0.        ,
       0.        , 0.        , 0.        , 0.        , 0.        ,
       0.        , 0.        , 0.        , 0.        , 0.        ,
       0.        , 0.        , 0.        , 0.        , 0.        ,
       0.        , 0.        , 0.        , 0.        , 0.        ,
       0.        , 0.        , 0.00130208, 0.00130208, 0.00260417,
       0.00260417, 0.00390625, 0.00390625, 0.08463542, 0.08463542,
       1.        ]), array([0.        , 0.        , 0.        , 0.        , 0.        ,
       0.        , 0.        , 0.        , 0.        , 0.        ,
       0.        , 0.        , 0.        , 0.        , 0.        ,
       0.        , 0.        , 0.        , 0.        , 0.        ,
       0.        , 0.        , 0.        , 0.        , 0.        ,
       0.        , 0.        , 0.        , 0.        , 0.        ,
       0.        , 0.        , 0.        , 0.        , 0.        ,
       0.        , 0.        , 0.        , 0.        , 0.        ,
       0.        , 0.        , 0.        , 0.        , 0.        ,
       0.        , 0.        , 0.        , 0.        , 0.        ,
       0.        , 0.        , 0.        , 0.        , 0.        ,
       0.        , 0.        , 0.        , 0.00130378, 0.00130378,
       0.00260756, 0.00260756, 0.00521512, 0.00521512, 0.0065189 ,
       0.0065189 , 1.        ])]","[array([0.        , 0.00131062, 0.00524246, 0.00524246, 0.02359109,
       0.02359109, 0.0327654 , 0.0327654 , 0.03407602, 0.03407602,
       0.03538663, 0.03538663, 0.03931848, 0.03931848, 0.04587156,
       0.04587156, 0.05242464, 0.05242464, 0.0576671 , 0.0576671 ,
       0.0655308 , 0.0655308 , 0.07208388, 0.07208388, 0.07994758,
       0.07994758, 0.0904325 , 0.0904325 , 0.09174312, 0.09174312,
       0.09567497, 0.09567497, 0.1061599 , 0.1061599 , 0.11140236,
       0.11140236, 0.11664482, 0.11664482, 0.11926606, 0.11926606,
       0.12188729, 0.12188729, 0.1231979 , 0.1231979 , 0.14023591,
       0.14023591, 0.14416776, 0.14416776, 0.15465269, 0.15465269,
       0.16120577, 0.16120577, 0.16513761, 0.16513761, 0.17300131,
       0.17300131, 0.17955439, 0.17955439, 0.18348624, 0.18348624,
       0.20445609, 0.20445609, 0.20576671, 0.20576671, 0.21231979,
       0.21231979, 0.21363041, 0.21363041, 0.21494102, 0.21494102,
       0.22411533, 0.22411533, 0.22542595, 0.22542595, 0.2293578 ,
       0.2293578 , 0.23066841, 0.23066841, 0.23460026, 0.23460026,
       0.25032765, 0.25032765, 0.25163827, 0.25163827, 0.27129751,
       0.27129751, 0.27260813, 0.27260813, 0.28309305, 0.28309305,
       0.28833552, 0.28833552, 0.29095675, 0.29095675, 0.29226737,
       0.29226737, 0.30799476, 0.30799476, 0.30930537, 0.30930537,
       0.31061599, 0.31061599, 0.32241153, 0.32241153, 0.33289646,
       0.33289646, 0.33551769, 0.33551769, 0.34338139, 0.34338139,
       0.34862385, 0.34862385, 0.35386632, 0.35386632, 0.3604194 ,
       0.3604194 , 0.36959371, 0.36959371, 0.38663172, 0.38663172,
       0.38794233, 0.38794233, 0.38925295, 0.38925295, 0.39056356,
       0.39056356, 0.3931848 , 0.3931848 , 0.39580603, 0.39580603,
       0.39711664, 0.39711664, 0.40629096, 0.40629096, 0.41284404,
       0.41284404, 0.41546527, 0.41546527, 0.41677588, 0.41677588,
       0.42857143, 0.42857143, 0.44429882, 0.44429882, 0.44823067,
       0.44823067, 0.45740498, 0.45740498, 0.47444299, 0.47444299,
       0.47837484, 0.47837484, 0.48230668, 0.48230668, 0.48492792,
       0.48492792, 0.49017038, 0.49017038, 0.508519  , 0.508519  ,
       0.51376147, 0.51376147, 0.51507208, 0.51507208, 0.51900393,
       0.51900393, 0.52293578, 0.52293578, 0.52817824, 0.52817824,
       0.53211009, 0.53211009, 0.53342071, 0.53342071, 0.54390564,
       0.54390564, 0.55045872, 0.55045872, 0.55439056, 0.55439056,
       0.5570118 , 0.5570118 , 0.56094364, 0.56094364, 0.56356488,
       0.56356488, 0.56618611, 0.56618611, 0.56880734, 0.56880734,
       0.57142857, 0.57142857, 0.57273919, 0.57273919, 0.5740498 ,
       0.5740498 , 0.57798165, 0.57798165, 0.5819135 , 0.5819135 ,
       0.58322412, 0.58322412, 0.58715596, 0.58715596, 0.58846658,
       0.58846658, 0.59633028, 0.59633028, 0.60026212, 0.60026212,
       0.60419397, 0.60419397, 0.6068152 , 0.6068152 , 0.61074705,
       0.61074705, 0.61205767, 0.61205767, 0.61336828, 0.61336828,
       0.61730013, 0.61730013, 0.6225426 , 0.6225426 , 0.62385321,
       0.62385321, 0.62778506, 0.62778506, 0.63040629, 0.63040629,
       0.63826999, 0.63826999, 0.6395806 , 0.6395806 , 0.64351245,
       0.64351245, 0.64613368, 0.64613368, 0.6474443 , 0.6474443 ,
       0.64875491, 0.64875491, 0.65137615, 0.65137615, 0.65661861,
       0.65661861, 0.66186107, 0.66186107, 0.66448231, 0.66448231,
       0.66710354, 0.66710354, 0.66841415, 0.66841415, 0.67365662,
       0.67365662, 0.67496723, 0.67496723, 0.67627785, 0.67627785,
       0.67758847, 0.67758847, 0.68545216, 0.68545216, 0.68938401,
       0.68938401, 0.69331586, 0.69331586, 0.69724771, 0.69724771,
       0.69855832, 0.69855832, 0.70380079, 0.70380079, 0.70642202,
       0.70642202, 0.70773263, 0.70773263, 0.7129751 , 0.7129751 ,
       0.71428571, 0.71428571, 0.71559633, 0.71559633, 0.71952818,
       0.71952818, 0.72083879, 0.72083879, 0.72346003, 0.72346003,
       0.72477064, 0.72477064, 0.72608126, 0.72608126, 0.73132372,
       0.73132372, 0.73263434, 0.73263434, 0.73525557, 0.73525557,
       0.74049803, 0.74049803, 0.74311927, 0.74311927, 0.74442988,
       0.74442988, 0.74705111, 0.74705111, 0.74967235, 0.74967235,
       0.76408912, 0.76408912, 0.76802097, 0.76802097, 0.76933159,
       0.76933159, 0.7706422 , 0.7706422 , 0.77588467, 0.77588467,
       0.78243775, 0.78243775, 0.78505898, 0.78505898, 0.78768021,
       0.78768021, 0.79030144, 0.79030144, 0.79554391, 0.79554391,
       0.79685452, 0.79685452, 0.79816514, 0.79816514, 0.8034076 ,
       0.8034076 , 0.80471822, 0.80471822, 0.80602883, 0.80602883,
       0.80733945, 0.80733945, 0.80865007, 0.80865007, 0.82044561,
       0.82044561, 0.82306684, 0.82306684, 0.82437746, 0.82437746,
       0.82568807, 0.82568807, 0.82699869, 0.82699869, 0.82830931,
       0.82830931, 0.82961992, 0.82961992, 0.83093054, 0.83093054,
       0.83355177, 0.83355177, 0.83748362, 0.83748362, 0.83879423,
       0.83879423, 0.84141547, 0.84141547, 0.8440367 , 0.8440367 ,
       0.84534731, 0.84534731, 0.84665793, 0.84665793, 0.85058978,
       0.85058978, 0.85321101, 0.85321101, 0.85583224, 0.85583224,
       0.85714286, 0.85714286, 0.85976409, 0.85976409, 0.86107471,
       0.86107471, 0.86238532, 0.86238532, 0.86500655, 0.86500655,
       0.86762779, 0.86762779, 0.87287025, 0.87287025, 0.87418087,
       0.87418087, 0.87811271, 0.87811271, 0.87942333, 0.87942333,
       0.88073394, 0.88073394, 0.88204456, 0.88204456, 0.88335518,
       0.88335518, 0.88466579, 0.88466579, 0.88597641, 0.88597641,
       0.88728702, 0.88728702, 0.88859764, 0.88859764, 0.88990826,
       0.88990826, 0.89121887, 0.89121887, 0.89515072, 0.89515072,
       0.89646134, 0.89646134, 0.89777195, 0.89777195, 0.89908257,
       0.89908257, 0.90301442, 0.90301442, 0.90432503, 0.90432503,
       0.9095675 , 0.9095675 , 0.91087811, 0.91087811, 0.91218873,
       0.91218873, 0.91743119, 0.91743119, 0.92005242, 0.92005242,
       0.92267366, 0.92267366, 0.92398427, 0.92398427, 0.92529489,
       0.92529489, 0.9266055 , 0.9266055 , 0.92791612, 0.92791612,
       0.92922674, 0.92922674, 0.93053735, 0.93053735, 0.93184797,
       0.93184797, 0.93315858, 0.93315858, 0.93577982, 0.93577982,
       0.93709043, 0.93709043, 0.93840105, 0.93840105, 0.93971166,
       0.93971166, 0.94102228, 0.94102228, 0.94626474, 0.94626474,
       0.94888598, 0.94888598, 0.95019659, 0.95019659, 0.95281782,
       0.95281782, 0.95412844, 0.95412844, 0.95543906, 0.95543906,
       0.95806029, 0.95806029, 0.9593709 , 0.9593709 , 0.96068152,
       0.96068152, 0.96330275, 0.96330275, 0.96461337, 0.96461337,
       0.96592398, 0.96592398, 0.9672346 , 0.9672346 , 0.96985583,
       0.96985583, 0.97116645, 0.97116645, 0.97378768, 0.97378768,
       0.9750983 , 0.9750983 , 0.97771953, 0.97771953, 0.97903014,
       0.97903014, 0.98034076, 0.98034076, 0.98165138, 0.98165138,
       0.98296199, 0.98296199, 0.98427261, 0.98427261, 0.98558322,
       0.98558322, 0.98689384, 0.98689384, 0.98820446, 0.98820446,
       0.98951507, 0.98951507, 0.99082569, 0.99082569, 0.9921363 ,
       0.9921363 , 0.99475754, 0.99475754, 0.99737877, 0.99737877,
       0.99868938, 0.99868938, 1.        , 1.        ]), array([0.        , 0.01834862, 0.02883355, 0.03800786, 0.04325033,
       0.04587156, 0.04718218, 0.05242464, 0.05635649, 0.06159895,
       0.06946265, 0.07208388, 0.07470511, 0.07863696, 0.08125819,
       0.08125819, 0.08519004, 0.08781127, 0.09174312, 0.09436435,
       0.09567497, 0.0982962 , 0.11664482, 0.11926606, 0.12188729,
       0.12581913, 0.12844037, 0.12975098, 0.13237221, 0.14809961,
       0.14809961, 0.14941022, 0.15203145, 0.15989515, 0.16251638,
       0.16644823, 0.16644823, 0.17824377, 0.18086501, 0.19266055,
       0.19266055, 0.19397117, 0.19397117, 0.19790301, 0.19790301,
       0.21887287, 0.21887287, 0.22280472, 0.22280472, 0.2293578 ,
       0.2293578 , 0.24508519, 0.24508519, 0.24770642, 0.24770642,
       0.28047182, 0.28178244, 0.29357798, 0.29357798, 0.30013106,
       0.30013106, 0.30406291, 0.30406291, 0.34207077, 0.34207077,
       0.35910878, 0.35910878, 0.36435125, 0.36435125, 0.37352556,
       0.37614679, 0.38925295, 0.38925295, 0.43119266, 0.43119266,
       0.44429882, 0.44429882, 0.44954128, 0.44954128, 0.4508519 ,
       0.4508519 , 0.46788991, 0.46788991, 0.4836173 , 0.4836173 ,
       0.48492792, 0.48492792, 0.51376147, 0.51376147, 0.51900393,
       0.51900393, 0.53211009, 0.53211009, 0.5491481 , 0.5491481 ,
       0.56749672, 0.56749672, 0.58322412, 0.58322412, 0.59370904,
       0.59370904, 0.60157274, 0.60157274, 0.60288336, 0.60288336,
       0.60419397, 0.60419397, 0.60550459, 0.60550459, 0.60812582,
       0.60812582, 0.60943644, 0.60943644, 0.61205767, 0.61205767,
       0.61598952, 0.61598952, 0.61730013, 0.61730013, 0.61992136,
       0.61992136, 0.62385321, 0.62385321, 0.62909567, 0.62909567,
       0.63433814, 0.63433814, 0.64482307, 0.64482307, 0.65137615,
       0.65137615, 0.65268676, 0.65268676, 0.65923984, 0.65923984,
       0.66448231, 0.66448231, 0.66710354, 0.66710354, 0.67496723,
       0.67496723, 0.6802097 , 0.6802097 , 0.68414155, 0.68414155,
       0.68545216, 0.68545216, 0.68938401, 0.68938401, 0.69069463,
       0.69069463, 0.69331586, 0.69331586, 0.69593709, 0.69593709,
       0.69855832, 0.69855832, 0.70117955, 0.70117955, 0.70904325,
       0.70904325, 0.71690695, 0.71690695, 0.71952818, 0.71952818,
       0.72608126, 0.72608126, 0.72739187, 0.72739187, 0.72870249,
       0.72870249, 0.73001311, 0.73001311, 0.73656619, 0.73656619,
       0.75229358, 0.75229358, 0.75491481, 0.75491481, 0.75622543,
       0.75622543, 0.76015727, 0.76015727, 0.76146789, 0.76146789,
       0.76277851, 0.76277851, 0.76408912, 0.76408912, 0.76933159,
       0.76933159, 0.77195282, 0.77195282, 0.77326343, 0.77326343,
       0.78243775, 0.78243775, 0.78768021, 0.78768021, 0.78899083,
       0.78899083, 0.79030144, 0.79030144, 0.79685452, 0.79685452,
       0.79816514, 0.79816514, 0.80471822, 0.80471822, 0.80602883,
       0.80602883, 0.8112713 , 0.8112713 , 0.81389253, 0.81389253,
       0.81520315, 0.81520315, 0.82044561, 0.82044561, 0.82699869,
       0.82699869, 0.82961992, 0.82961992, 0.84141547, 0.84141547,
       0.84272608, 0.84272608, 0.84534731, 0.84534731, 0.84665793,
       0.84665793, 0.84796855, 0.84796855, 0.84927916, 0.84927916,
       0.86107471, 0.86107471, 0.86238532, 0.86238532, 0.86369594,
       0.86369594, 0.86500655, 0.86500655, 0.86631717, 0.86631717,
       0.86762779, 0.86762779, 0.8689384 , 0.8689384 , 0.87024902,
       0.87024902, 0.87155963, 0.87155963, 0.87287025, 0.87287025,
       0.87418087, 0.87418087, 0.87549148, 0.87549148, 0.87811271,
       0.87811271, 0.87942333, 0.87942333, 0.88073394, 0.88073394,
       0.88204456, 0.88204456, 0.88466579, 0.88466579, 0.88728702,
       0.88728702, 0.88859764, 0.88859764, 0.88990826, 0.88990826,
       0.89121887, 0.89121887, 0.8938401 , 0.8938401 , 0.89515072,
       0.89515072, 0.89777195, 0.89777195, 0.90039318, 0.90039318,
       0.9017038 , 0.9017038 , 0.90301442, 0.90301442, 0.90432503,
       0.90432503, 0.90825688, 0.90825688, 0.9095675 , 0.9095675 ,
       0.91087811, 0.91087811, 0.91349934, 0.91349934, 0.91612058,
       0.91612058, 0.92267366, 0.92267366, 0.92529489, 0.92529489,
       0.92922674, 0.92922674, 0.93184797, 0.93184797, 0.93315858,
       0.93315858, 0.93577982, 0.93577982, 0.93971166, 0.93971166,
       0.9423329 , 0.9423329 , 0.94626474, 0.94626474, 0.94757536,
       0.94757536, 0.94888598, 0.94888598, 0.95019659, 0.95019659,
       0.95150721, 0.95150721, 0.95281782, 0.95281782, 0.95412844,
       0.95412844, 0.95806029, 0.95806029, 0.9593709 , 0.9593709 ,
       0.96068152, 0.96068152, 0.96199214, 0.96199214, 0.96330275,
       0.96330275, 0.96461337, 0.96461337, 0.96592398, 0.96592398,
       0.9672346 , 0.9672346 , 0.96854522, 0.96854522, 0.96985583,
       0.96985583, 0.97116645, 0.97116645, 0.97247706, 0.97247706,
       0.97378768, 0.97378768, 0.97640891, 0.97640891, 0.97771953,
       0.97771953, 0.97903014, 0.97903014, 0.98034076, 0.98034076,
       0.98165138, 0.98165138, 0.98296199, 0.98296199, 0.98427261,
       0.98427261, 0.98558322, 0.98558322, 0.98689384, 0.98689384,
       0.98951507, 0.98951507, 0.99082569, 0.99082569, 0.9921363 ,
       0.9921363 , 0.99344692, 0.99344692, 0.99475754, 0.99475754,
       0.99606815, 0.99606815, 0.99737877, 0.99737877, 0.99868938,
       0.99868938, 1.        , 1.        ]), array([0.        , 0.01965924, 0.02621232, 0.03538663, 0.0406291 ,
       0.04193971, 0.04587156, 0.04718218, 0.05242464, 0.05504587,
       0.05897772, 0.0655308 , 0.06684142, 0.07208388, 0.07470511,
       0.07732634, 0.07994758, 0.08256881, 0.08387942, 0.08650066,
       0.09436435, 0.09698558, 0.0982962 , 0.10091743, 0.10222805,
       0.10484928, 0.1061599 , 0.10878113, 0.1231979 , 0.12581913,
       0.13237221, 0.13499345, 0.14809961, 0.15072084, 0.19790301,
       0.20052425, 0.21625164, 0.21887287, 0.26343381, 0.26605505,
       0.77195282, 0.77195282, 0.81520315, 0.81520315, 0.83355177,
       0.83355177, 0.85190039, 0.85190039, 0.86238532, 0.86238532,
       0.87811271, 0.87811271, 0.88335518, 0.88335518, 0.88990826,
       0.88990826, 0.89121887, 0.89121887, 0.90039318, 0.90039318,
       0.90825688, 0.90825688, 0.91087811, 0.91087811, 0.91349934,
       0.91349934, 0.91480996, 0.91480996, 0.92398427, 0.92398427,
       0.9266055 , 0.9266055 , 0.93184797, 0.93184797, 0.94364351,
       0.94364351, 0.94495413, 0.94495413, 0.94626474, 0.94626474,
       0.95150721, 0.95150721, 0.95674967, 0.95674967, 0.95806029,
       0.95806029, 0.9593709 , 0.9593709 , 0.96199214, 0.96199214,
       0.96330275, 0.96330275, 0.96461337, 0.96461337, 0.9672346 ,
       0.9672346 , 0.96854522, 0.96854522, 0.97378768, 0.97378768,
       0.9750983 , 0.9750983 , 0.97903014, 0.97903014, 0.98165138,
       0.98165138, 0.98296199, 0.98296199, 0.98427261, 0.98427261,
       0.98558322, 0.98558322, 0.98689384, 0.98689384, 0.98820446,
       0.98820446, 0.98951507, 0.98951507, 0.99082569, 0.99082569,
       0.99344692, 0.99344692, 0.99475754, 0.99475754, 0.99606815,
       0.99606815, 0.99737877, 0.99737877, 0.99868938, 0.99868938,
       1.        , 1.        ]), array([0.        , 0.13499345, 0.17955439, 0.19134993, 0.21231979,
       0.23066841, 0.23591088, 0.24377457, 0.2621232 , 0.26605505,
       0.26867628, 0.27522936, 0.28309305, 0.2870249 , 0.29226737,
       0.29357798, 0.29882045, 0.30144168, 0.30275229, 0.30668414,
       0.30799476, 0.31192661, 0.31454784, 0.3197903 , 0.32110092,
       0.32634338, 0.33027523, 0.33289646, 0.34076016, 0.34207077,
       0.34731324, 0.35386632, 0.35779817, 0.3604194 , 0.36173001,
       0.36435125, 0.36828309, 0.37352556, 0.38007864, 0.38401048,
       0.3853211 , 0.38794233, 0.38925295, 0.39187418, 0.39449541,
       0.39973788, 0.41546527, 0.42332896, 0.42726081, 0.42988204,
       0.43119266, 0.43381389, 0.43643512, 0.43905636, 0.44167759,
       0.44692005, 0.46264744, 0.46526868, 0.46657929, 0.46920052,
       0.4757536 , 0.47968545, 0.50196592, 0.50458716, 0.50720839,
       0.50982962, 0.53079948, 0.53342071, 0.54783748, 0.55045872,
       0.55439056, 0.5570118 , 0.56618611, 0.56880734, 0.57536042,
       0.57929227, 0.97640891, 0.97640891, 0.99475754, 0.99475754,
       0.99737877, 0.99737877, 0.99868938, 0.99868938, 1.        ,
       1.        ]), array([0.        , 0.15465269, 0.20838794, 0.23197903, 0.26605505,
       0.27522936, 0.2870249 , 0.29095675, 0.29750983, 0.30013106,
       0.30668414, 0.30930537, 0.31716907, 0.32110092, 0.32241153,
       0.33551769, 0.34338139, 0.34600262, 0.34993447, 0.35648755,
       0.35910878, 0.36304063, 0.37090433, 0.37483617, 0.3853211 ,
       0.38663172, 0.39187418, 0.39711664, 0.39973788, 0.40235911,
       0.40760157, 0.42201835, 0.42726081, 0.43512451, 0.43774574,
       0.4429882 , 0.44560944, 0.46395806, 0.46788991, 0.47182176,
       0.47444299, 0.48099607, 0.4836173 , 0.48492792, 0.48754915,
       0.52293578, 0.52555701, 0.53211009, 0.53473132, 0.54521625,
       0.54783748, 0.5491481 , 0.55176933, 0.57273919, 0.57536042,
       0.76408912, 0.76671035, 0.77981651, 0.77981651, 0.98689384,
       0.98689384, 0.9921363 , 0.9921363 , 0.99475754, 0.99475754,
       1.        , 1.        ])]"
